[
  {
    "Key": "",
    "Dir": "."
  },
  {
    "Key": "bod_docker_ansible_provisioner",
    "Source": "github.com/cloudposse/terraform-null-ansible",
    "Dir": ".terraform/modules/bod_docker_ansible_provisioner"
  },
  {
    "Key": "cyhy_bastion_ansible_provisioner",
    "Source": "github.com/cloudposse/terraform-null-ansible",
    "Dir": ".terraform/modules/cyhy_bastion_ansible_provisioner"
  },
  {
    "Key": "cyhy_dashboard_ansible_provisioner",
    "Source": "github.com/cloudposse/terraform-null-ansible",
    "Dir": ".terraform/modules/cyhy_dashboard_ansible_provisioner"
  },
  {
    "Key": "cyhy_mongo_ansible_provisioner",
    "Source": "github.com/cloudposse/terraform-null-ansible",
    "Dir": ".terraform/modules/cyhy_mongo_ansible_provisioner"
  },
  {
    "Key": "cyhy_pnnl_ansible_provisioner",
    "Source": "github.com/cloudposse/terraform-null-ansible",
    "Dir": ".terraform/modules/cyhy_pnnl_ansible_provisioner"
  },
  {
    "Key": "cyhy_reporter_ansible_provisioner",
    "Source": "github.com/cloudposse/terraform-null-ansible",
    "Dir": ".terraform/modules/cyhy_reporter_ansible_provisioner"
  },
  {
    "Key": "dyn_mgmt_bastion",
    "Source": "./dyn_mgmt_bastion",
    "Dir": "dyn_mgmt_bastion"
  },
  {
    "Key": "dyn_mgmt_nessus",
    "Source": "./dyn_mgmt_nessus",
    "Dir": "dyn_mgmt_nessus"
  },
  {
    "Key": "dyn_nessus",
    "Source": "./dyn_nessus",
    "Dir": "dyn_nessus"
  },
  {
    "Key": "dyn_nessus.cyhy_nessus_ansible_provisioner_0",
    "Source": "github.com/cloudposse/terraform-null-ansible",
    "Dir": ".terraform/modules/dyn_nessus.cyhy_nessus_ansible_provisioner_0"
  },
  {
    "Key": "dyn_nessus.cyhy_nessus_ansible_provisioner_1",
    "Source": "github.com/cloudposse/terraform-null-ansible",
    "Dir": ".terraform/modules/dyn_nessus.cyhy_nessus_ansible_provisioner_1"
  },
  {
    "Key": "dyn_nessus.cyhy_nessus_ansible_provisioner_2",
    "Source": "github.com/cloudposse/terraform-null-ansible",
    "Dir": ".terraform/modules/dyn_nessus.cyhy_nessus_ansible_provisioner_2"
  },
  {
    "Key": "dyn_nmap",
    "Source": "./dyn_nmap",
    "Dir": "dyn_nmap"
  },
  {
    "Key": "dyn_nmap.cyhy_nmap_ansible_provisioner_0",
    "Source": "github.com/cloudposse/terraform-null-ansible",
    "Dir": ".terraform/modules/dyn_nmap.cyhy_nmap_ansible_provisioner_0"
  },
  {
    "Key": "dyn_nmap.cyhy_nmap_ansible_provisioner_1",
    "Source": "github.com/cloudposse/terraform-null-ansible",
    "Dir": ".terraform/modules/dyn_nmap.cyhy_nmap_ansible_provisioner_1"
  },
  {
    "Key": "dyn_nmap.cyhy_nmap_ansible_provisioner_10",
    "Source": "github.com/cloudposse/terraform-null-ansible",
    "Dir": ".terraform/modules/dyn_nmap.cyhy_nmap_ansible_provisioner_10"
  },
  {
    "Key": "dyn_nmap.cyhy_nmap_ansible_provisioner_11",
    "Source": "github.com/cloudposse/terraform-null-ansible",
    "Dir": ".terraform/modules/dyn_nmap.cyhy_nmap_ansible_provisioner_11"
  },
  {
    "Key": "dyn_nmap.cyhy_nmap_ansible_provisioner_12",
    "Source": "github.com/cloudposse/terraform-null-ansible",
    "Dir": ".terraform/modules/dyn_nmap.cyhy_nmap_ansible_provisioner_12"
  },
  {
    "Key": "dyn_nmap.cyhy_nmap_ansible_provisioner_13",
    "Source": "github.com/cloudposse/terraform-null-ansible",
    "Dir": ".terraform/modules/dyn_nmap.cyhy_nmap_ansible_provisioner_13"
  },
  {
    "Key": "dyn_nmap.cyhy_nmap_ansible_provisioner_14",
    "Source": "github.com/cloudposse/terraform-null-ansible",
    "Dir": ".terraform/modules/dyn_nmap.cyhy_nmap_ansible_provisioner_14"
  },
  {
    "Key": "dyn_nmap.cyhy_nmap_ansible_provisioner_15",
    "Source": "github.com/cloudposse/terraform-null-ansible",
    "Dir": ".terraform/modules/dyn_nmap.cyhy_nmap_ansible_provisioner_15"
  },
  {
    "Key": "dyn_nmap.cyhy_nmap_ansible_provisioner_16",
    "Source": "github.com/cloudposse/terraform-null-ansible",
    "Dir": ".terraform/modules/dyn_nmap.cyhy_nmap_ansible_provisioner_16"
  },
  {
    "Key": "dyn_nmap.cyhy_nmap_ansible_provisioner_17",
    "Source": "github.com/cloudposse/terraform-null-ansible",
    "Dir": ".terraform/modules/dyn_nmap.cyhy_nmap_ansible_provisioner_17"
  },
  {
    "Key": "dyn_nmap.cyhy_nmap_ansible_provisioner_18",
    "Source": "github.com/cloudposse/terraform-null-ansible",
    "Dir": ".terraform/modules/dyn_nmap.cyhy_nmap_ansible_provisioner_18"
  },
  {
    "Key": "dyn_nmap.cyhy_nmap_ansible_provisioner_19",
    "Source": "github.com/cloudposse/terraform-null-ansible",
    "Dir": ".terraform/modules/dyn_nmap.cyhy_nmap_ansible_provisioner_19"
  },
  {
    "Key": "dyn_nmap.cyhy_nmap_ansible_provisioner_2",
    "Source": "github.com/cloudposse/terraform-null-ansible",
    "Dir": ".terraform/modules/dyn_nmap.cyhy_nmap_ansible_provisioner_2"
  },
  {
    "Key": "dyn_nmap.cyhy_nmap_ansible_provisioner_20",
    "Source": "github.com/cloudposse/terraform-null-ansible",
    "Dir": ".terraform/modules/dyn_nmap.cyhy_nmap_ansible_provisioner_20"
  },
  {
    "Key": "dyn_nmap.cyhy_nmap_ansible_provisioner_21",
    "Source": "github.com/cloudposse/terraform-null-ansible",
    "Dir": ".terraform/modules/dyn_nmap.cyhy_nmap_ansible_provisioner_21"
  },
  {
    "Key": "dyn_nmap.cyhy_nmap_ansible_provisioner_22",
    "Source": "github.com/cloudposse/terraform-null-ansible",
    "Dir": ".terraform/modules/dyn_nmap.cyhy_nmap_ansible_provisioner_22"
  },
  {
    "Key": "dyn_nmap.cyhy_nmap_ansible_provisioner_23",
    "Source": "github.com/cloudposse/terraform-null-ansible",
    "Dir": ".terraform/modules/dyn_nmap.cyhy_nmap_ansible_provisioner_23"
  },
  {
    "Key": "dyn_nmap.cyhy_nmap_ansible_provisioner_24",
    "Source": "github.com/cloudposse/terraform-null-ansible",
    "Dir": ".terraform/modules/dyn_nmap.cyhy_nmap_ansible_provisioner_24"
  },
  {
    "Key": "dyn_nmap.cyhy_nmap_ansible_provisioner_25",
    "Source": "github.com/cloudposse/terraform-null-ansible",
    "Dir": ".terraform/modules/dyn_nmap.cyhy_nmap_ansible_provisioner_25"
  },
  {
    "Key": "dyn_nmap.cyhy_nmap_ansible_provisioner_26",
    "Source": "github.com/cloudposse/terraform-null-ansible",
    "Dir": ".terraform/modules/dyn_nmap.cyhy_nmap_ansible_provisioner_26"
  },
  {
    "Key": "dyn_nmap.cyhy_nmap_ansible_provisioner_27",
    "Source": "github.com/cloudposse/terraform-null-ansible",
    "Dir": ".terraform/modules/dyn_nmap.cyhy_nmap_ansible_provisioner_27"
  },
  {
    "Key": "dyn_nmap.cyhy_nmap_ansible_provisioner_28",
    "Source": "github.com/cloudposse/terraform-null-ansible",
    "Dir": ".terraform/modules/dyn_nmap.cyhy_nmap_ansible_provisioner_28"
  },
  {
    "Key": "dyn_nmap.cyhy_nmap_ansible_provisioner_29",
    "Source": "github.com/cloudposse/terraform-null-ansible",
    "Dir": ".terraform/modules/dyn_nmap.cyhy_nmap_ansible_provisioner_29"
  },
  {
    "Key": "dyn_nmap.cyhy_nmap_ansible_provisioner_3",
    "Source": "github.com/cloudposse/terraform-null-ansible",
    "Dir": ".terraform/modules/dyn_nmap.cyhy_nmap_ansible_provisioner_3"
  },
  {
    "Key": "dyn_nmap.cyhy_nmap_ansible_provisioner_30",
    "Source": "github.com/cloudposse/terraform-null-ansible",
    "Dir": ".terraform/modules/dyn_nmap.cyhy_nmap_ansible_provisioner_30"
  },
  {
    "Key": "dyn_nmap.cyhy_nmap_ansible_provisioner_31",
    "Source": "github.com/cloudposse/terraform-null-ansible",
    "Dir": ".terraform/modules/dyn_nmap.cyhy_nmap_ansible_provisioner_31"
  },
  {
    "Key": "dyn_nmap.cyhy_nmap_ansible_provisioner_32",
    "Source": "github.com/cloudposse/terraform-null-ansible",
    "Dir": ".terraform/modules/dyn_nmap.cyhy_nmap_ansible_provisioner_32"
  },
  {
    "Key": "dyn_nmap.cyhy_nmap_ansible_provisioner_33",
    "Source": "github.com/cloudposse/terraform-null-ansible",
    "Dir": ".terraform/modules/dyn_nmap.cyhy_nmap_ansible_provisioner_33"
  },
  {
    "Key": "dyn_nmap.cyhy_nmap_ansible_provisioner_34",
    "Source": "github.com/cloudposse/terraform-null-ansible",
    "Dir": ".terraform/modules/dyn_nmap.cyhy_nmap_ansible_provisioner_34"
  },
  {
    "Key": "dyn_nmap.cyhy_nmap_ansible_provisioner_35",
    "Source": "github.com/cloudposse/terraform-null-ansible",
    "Dir": ".terraform/modules/dyn_nmap.cyhy_nmap_ansible_provisioner_35"
  },
  {
    "Key": "dyn_nmap.cyhy_nmap_ansible_provisioner_36",
    "Source": "github.com/cloudposse/terraform-null-ansible",
    "Dir": ".terraform/modules/dyn_nmap.cyhy_nmap_ansible_provisioner_36"
  },
  {
    "Key": "dyn_nmap.cyhy_nmap_ansible_provisioner_37",
    "Source": "github.com/cloudposse/terraform-null-ansible",
    "Dir": ".terraform/modules/dyn_nmap.cyhy_nmap_ansible_provisioner_37"
  },
  {
    "Key": "dyn_nmap.cyhy_nmap_ansible_provisioner_38",
    "Source": "github.com/cloudposse/terraform-null-ansible",
    "Dir": ".terraform/modules/dyn_nmap.cyhy_nmap_ansible_provisioner_38"
  },
  {
    "Key": "dyn_nmap.cyhy_nmap_ansible_provisioner_39",
    "Source": "github.com/cloudposse/terraform-null-ansible",
    "Dir": ".terraform/modules/dyn_nmap.cyhy_nmap_ansible_provisioner_39"
  },
  {
    "Key": "dyn_nmap.cyhy_nmap_ansible_provisioner_4",
    "Source": "github.com/cloudposse/terraform-null-ansible",
    "Dir": ".terraform/modules/dyn_nmap.cyhy_nmap_ansible_provisioner_4"
  },
  {
    "Key": "dyn_nmap.cyhy_nmap_ansible_provisioner_40",
    "Source": "github.com/cloudposse/terraform-null-ansible",
    "Dir": ".terraform/modules/dyn_nmap.cyhy_nmap_ansible_provisioner_40"
  },
  {
    "Key": "dyn_nmap.cyhy_nmap_ansible_provisioner_41",
    "Source": "github.com/cloudposse/terraform-null-ansible",
    "Dir": ".terraform/modules/dyn_nmap.cyhy_nmap_ansible_provisioner_41"
  },
  {
    "Key": "dyn_nmap.cyhy_nmap_ansible_provisioner_42",
    "Source": "github.com/cloudposse/terraform-null-ansible",
    "Dir": ".terraform/modules/dyn_nmap.cyhy_nmap_ansible_provisioner_42"
  },
  {
    "Key": "dyn_nmap.cyhy_nmap_ansible_provisioner_43",
    "Source": "github.com/cloudposse/terraform-null-ansible",
    "Dir": ".terraform/modules/dyn_nmap.cyhy_nmap_ansible_provisioner_43"
  },
  {
    "Key": "dyn_nmap.cyhy_nmap_ansible_provisioner_44",
    "Source": "github.com/cloudposse/terraform-null-ansible",
    "Dir": ".terraform/modules/dyn_nmap.cyhy_nmap_ansible_provisioner_44"
  },
  {
    "Key": "dyn_nmap.cyhy_nmap_ansible_provisioner_45",
    "Source": "github.com/cloudposse/terraform-null-ansible",
    "Dir": ".terraform/modules/dyn_nmap.cyhy_nmap_ansible_provisioner_45"
  },
  {
    "Key": "dyn_nmap.cyhy_nmap_ansible_provisioner_46",
    "Source": "github.com/cloudposse/terraform-null-ansible",
    "Dir": ".terraform/modules/dyn_nmap.cyhy_nmap_ansible_provisioner_46"
  },
  {
    "Key": "dyn_nmap.cyhy_nmap_ansible_provisioner_47",
    "Source": "github.com/cloudposse/terraform-null-ansible",
    "Dir": ".terraform/modules/dyn_nmap.cyhy_nmap_ansible_provisioner_47"
  },
  {
    "Key": "dyn_nmap.cyhy_nmap_ansible_provisioner_48",
    "Source": "github.com/cloudposse/terraform-null-ansible",
    "Dir": ".terraform/modules/dyn_nmap.cyhy_nmap_ansible_provisioner_48"
  },
  {
    "Key": "dyn_nmap.cyhy_nmap_ansible_provisioner_49",
    "Source": "github.com/cloudposse/terraform-null-ansible",
    "Dir": ".terraform/modules/dyn_nmap.cyhy_nmap_ansible_provisioner_49"
  },
  {
    "Key": "dyn_nmap.cyhy_nmap_ansible_provisioner_5",
    "Source": "github.com/cloudposse/terraform-null-ansible",
    "Dir": ".terraform/modules/dyn_nmap.cyhy_nmap_ansible_provisioner_5"
  },
  {
    "Key": "dyn_nmap.cyhy_nmap_ansible_provisioner_50",
    "Source": "github.com/cloudposse/terraform-null-ansible",
    "Dir": ".terraform/modules/dyn_nmap.cyhy_nmap_ansible_provisioner_50"
  },
  {
    "Key": "dyn_nmap.cyhy_nmap_ansible_provisioner_51",
    "Source": "github.com/cloudposse/terraform-null-ansible",
    "Dir": ".terraform/modules/dyn_nmap.cyhy_nmap_ansible_provisioner_51"
  },
  {
    "Key": "dyn_nmap.cyhy_nmap_ansible_provisioner_52",
    "Source": "github.com/cloudposse/terraform-null-ansible",
    "Dir": ".terraform/modules/dyn_nmap.cyhy_nmap_ansible_provisioner_52"
  },
  {
    "Key": "dyn_nmap.cyhy_nmap_ansible_provisioner_53",
    "Source": "github.com/cloudposse/terraform-null-ansible",
    "Dir": ".terraform/modules/dyn_nmap.cyhy_nmap_ansible_provisioner_53"
  },
  {
    "Key": "dyn_nmap.cyhy_nmap_ansible_provisioner_54",
    "Source": "github.com/cloudposse/terraform-null-ansible",
    "Dir": ".terraform/modules/dyn_nmap.cyhy_nmap_ansible_provisioner_54"
  },
  {
    "Key": "dyn_nmap.cyhy_nmap_ansible_provisioner_55",
    "Source": "github.com/cloudposse/terraform-null-ansible",
    "Dir": ".terraform/modules/dyn_nmap.cyhy_nmap_ansible_provisioner_55"
  },
  {
    "Key": "dyn_nmap.cyhy_nmap_ansible_provisioner_56",
    "Source": "github.com/cloudposse/terraform-null-ansible",
    "Dir": ".terraform/modules/dyn_nmap.cyhy_nmap_ansible_provisioner_56"
  },
  {
    "Key": "dyn_nmap.cyhy_nmap_ansible_provisioner_57",
    "Source": "github.com/cloudposse/terraform-null-ansible",
    "Dir": ".terraform/modules/dyn_nmap.cyhy_nmap_ansible_provisioner_57"
  },
  {
    "Key": "dyn_nmap.cyhy_nmap_ansible_provisioner_58",
    "Source": "github.com/cloudposse/terraform-null-ansible",
    "Dir": ".terraform/modules/dyn_nmap.cyhy_nmap_ansible_provisioner_58"
  },
  {
    "Key": "dyn_nmap.cyhy_nmap_ansible_provisioner_59",
    "Source": "github.com/cloudposse/terraform-null-ansible",
    "Dir": ".terraform/modules/dyn_nmap.cyhy_nmap_ansible_provisioner_59"
  },
  {
    "Key": "dyn_nmap.cyhy_nmap_ansible_provisioner_6",
    "Source": "github.com/cloudposse/terraform-null-ansible",
    "Dir": ".terraform/modules/dyn_nmap.cyhy_nmap_ansible_provisioner_6"
  },
  {
    "Key": "dyn_nmap.cyhy_nmap_ansible_provisioner_60",
    "Source": "github.com/cloudposse/terraform-null-ansible",
    "Dir": ".terraform/modules/dyn_nmap.cyhy_nmap_ansible_provisioner_60"
  },
  {
    "Key": "dyn_nmap.cyhy_nmap_ansible_provisioner_61",
    "Source": "github.com/cloudposse/terraform-null-ansible",
    "Dir": ".terraform/modules/dyn_nmap.cyhy_nmap_ansible_provisioner_61"
  },
  {
    "Key": "dyn_nmap.cyhy_nmap_ansible_provisioner_62",
    "Source": "github.com/cloudposse/terraform-null-ansible",
    "Dir": ".terraform/modules/dyn_nmap.cyhy_nmap_ansible_provisioner_62"
  },
  {
    "Key": "dyn_nmap.cyhy_nmap_ansible_provisioner_63",
    "Source": "github.com/cloudposse/terraform-null-ansible",
    "Dir": ".terraform/modules/dyn_nmap.cyhy_nmap_ansible_provisioner_63"
  },
  {
    "Key": "dyn_nmap.cyhy_nmap_ansible_provisioner_7",
    "Source": "github.com/cloudposse/terraform-null-ansible",
    "Dir": ".terraform/modules/dyn_nmap.cyhy_nmap_ansible_provisioner_7"
  },
  {
    "Key": "dyn_nmap.cyhy_nmap_ansible_provisioner_8",
    "Source": "github.com/cloudposse/terraform-null-ansible",
    "Dir": ".terraform/modules/dyn_nmap.cyhy_nmap_ansible_provisioner_8"
  },
  {
    "Key": "dyn_nmap.cyhy_nmap_ansible_provisioner_9",
    "Source": "github.com/cloudposse/terraform-null-ansible",
    "Dir": ".terraform/modules/dyn_nmap.cyhy_nmap_ansible_provisioner_9"
  }
]